{"version": 2, "saved_at": 1779887004.2278225, "tick": 40000, "config": {"WORLD_WIDTH": 300, "WORLD_HEIGHT": 300, "TILE_SIZE": 4, "SPATIAL_HASH_CELL": 8, "INITIAL_CREATURES": 140, "MAX_CREATURES": 800, "INITIAL_FOOD": 500, "MAX_FOOD": 1500, "FOOD_SPAWN_PER_TICK": 12, "FOOD_ENERGY": 30.0, "PERCEPTION_INTERVAL": 1, "REPRODUCTION_INTERVAL": 5, "COMBAT_INTERVAL": 2, "TERRITORY_DECAY_INTERVAL": 10, "DIPLOMACY_INTERVAL": 60, "STATISTICS_INTERVAL": 15, "CLAN_UPDATE_INTERVAL": 30, "COMPACT_INTERVAL": 200, "CHECKPOINT_INTERVAL": 1000}, "rng_state": {"bit_generator": "PCG64", "state": {"state": 233045634566078091920313395371655045286, "inc": 44527717972997445245363257497054989299}, "has_uint32": 1, "uinteger": 3019677883}, "creatures": [], "clans": [], "species": [{"id": 1, "name": "sp_0001", "base_color": [165, 180, 115], "founder_id": 1, "created_tick": 0, "population_count": 0, "signature": [0.7024334073066711, 0.790031909942627, 0.9153833389282227, 0.5307998657226562, 0.902554988861084, 0.3459952473640442, 0.801154375076294, 0.9137839078903198, 0.7713960409164429, 0.6805965304374695, 0.5769322514533997, 0.3006977140903473, 0.41949161887168884, 0.5797297954559326, 0.33228176832199097, 0.29150015115737915, 0.540116012096405, 0.47940823435783386, 0.3698892295360565, 0.6344618201255798, 1.0, 0.18009164929389954, 0.3537813723087311, 0.6948074102401733, 0.3193095922470093, 0.7175203561782837, 0.6049050092697144, 0.7675426006317139, 0.5387227535247803, 0.82028728723526, 0.4028718173503876, 0.25319600105285645, 0.7878010272979736, 0.11336177587509155, 0.37083137035369873, 0.8737107515335083, 0.6184370517730713, 0.2549576759338379, 0.6113501787185669, 0.02276996523141861, 0.7113900780677795, 0.8274463415145874, 0.4843473434448242, 0.5804612636566162, 0.5448349118232727, 0.9286020994186401, 0.15840506553649902, 0.2842007279396057, 0.7890582084655762, 0.7415921688079834, 0.7101969122886658, 0.3162879943847656, 0.2777723968029022, 0.6637307405471802, 0.9285427331924438, 0.8014389276504517, 0.740305483341217, 0.4560014009475708, 0.4260390102863312, 0.7893939018249512, 0.9019026756286621, 0.5619362592697144, 0.7041336297988892, 0.42792296409606934, 0.5210949778556824, 0.8085939884185791, 0.2761567234992981, 0.18601341545581818, 0.1227540522813797, 0.41408032178878784, 0.4629966616630554, 0.10108351707458496, 0.23250330984592438, 0.4743747115135193, 0.7243413925170898, 0.4454488456249237, 0.32554861903190613, 0.6349935531616211, 0.6939290165901184, 0.43889129161834717, 0.4107596278190613, 0.37660446763038635, 0.5930070877075195, 0.660821259021759, 0.7396194934844971, 0.2900901436805725, 0.6828640699386597, 0.4070296585559845, 0.6276153326034546, 0.3116403818130493, 0.7169263362884521, 0.3659847378730774, 0.3246294856071472, 0.4538188576698303, 0.11875016242265701, 0.2097388356924057, 0.5906051397323608, 0.5099613070487976, 0.31748664379119873, 0.27404481172561646, 0.7567166090011597, 0.3301617503166199, 0.20099617540836334, 0.7052431106567383, 0.9693930149078369, 0.3053432106971741, 0.27559542655944824, 0.8295273780822754, 0.24379166960716248, 0.6245381236076355, 0.15917278826236725, 0.10753056406974792, 0.5250341892242432, 0.5285186767578125, 0.16888302564620972, 0.3928989768028259, 0.679728627204895, 0.6145495176315308, 0.6605192422866821, 0.5884261131286621, 0.7624088525772095, 0.7560553550720215, 0.9056602120399475, 0.7277357578277588, 0.4007207751274109, 0.5967518091201782, 0.8021265268325806, 0.1431179642677307, 0.35776668787002563, 0.4953991174697876, 0.3604785203933716, 0.258762925863266, 0.3385605812072754, 0.5410113334655762, 0.26114988327026367, 0.5935657620429993, 0.23852050304412842, 0.7310724258422852, 0.02210380882024765, 1.0, 0.6115399599075317, 0.4505062997341156, 0.7078934907913208, 0.5870455503463745, 0.21767768263816833, 0.8058923482894897, 0.7541077733039856, 0.18126623332500458, 0.347819983959198, 0.7171236872673035, 0.3613213896751404, 0.6936302185058594, 0.4356708526611328, 0.5769961476325989, 0.4524766802787781, 0.6310279965400696, 0.1780216246843338, 0.9088349342346191, 0.39856410026550293, 0.913108229637146, 0.19064190983772278, 0.6511838436126709, 0.5096312165260315, 0.2720869779586792, 0.7182635068893433, 0.3996508717536926, 0.707587480545044, 0.9467101097106934, 0.7093179821968079, 0.8619699478149414]}], "stats": {"births_total": 660, "deaths_total": 800, "deaths_by_starvation": 34, "deaths_by_age": 692, "deaths_by_combat": 74, "hybrid_total": 0, "generation_max": 6}, "genomes_ref": "checkpoint_auto.json.genomes.npz", "world_ref": "checkpoint_auto.json.world.npz"}